,city,latitude,longitude,date,temperature,humidity,cloudiness,windspeed
0,Luanda,-8.83,13.24,1573854510,80.6,78,75,11.41
1,Sibolga,1.74,98.78,1573854570,69.6,96,100,2.3
2,Barrow,-38.31,-60.23,1573854570,86.92,33,99,6.85
3,Victoria,5.28,115.24,1573854309,77.5,94,90,2.24
4,Nong Kung Si,16.65,103.3,1573854570,68.0,94,52,2.24
5,Pisco,-13.71,-76.2,1573854571,68.67,30,40,5.82
6,Port Elizabeth,39.31,-74.98,1573854571,47.53,42,1,5.82
7,Albany,42.65,-73.75,1573854571,39.92,45,1,9.17
8,Traralgon,-38.19,146.54,1573854571,51.53,77,90,10.0
9,Porto Novo,-23.68,-45.44,1573854571,66.2,72,75,3.36
10,Elmadag,39.92,33.23,1573854273,48.16,87,40,2.04
11,Hermanus,-34.42,19.24,1573854571,64.76,91,86,1.99
12,Vaini,15.34,74.49,1573854571,67.19,95,0,5.97
13,Nikolskoye,59.7,30.79,1573854571,36.7,80,75,11.18
14,Ewa Beach,21.32,-158.01,1573854572,83.46,70,1,5.82
15,Kruisfontein,-34.0,24.73,1573854572,60.35,96,0,3.53
16,East London,-33.02,27.91,1573854572,68.31,87,41,6.89
17,Ponta do Sol,-20.63,-46.0,1573854572,66.45,92,100,0.76
18,Ampanihy,-24.69,44.75,1573854572,73.54,77,100,7.94
19,Thompson,55.74,-97.86,1573854437,5.0,65,90,6.93
20,Atuona,-9.8,-139.03,1573854573,80.29,72,4,12.64
21,Pringsewu,-5.36,104.98,1573854573,70.54,99,25,1.9
22,Hamilton,43.26,-79.87,1573854573,35.19,91,75,9.17
23,Cidreira,-30.17,-50.22,1573854573,69.48,75,0,17.43
24,Guider,9.93,13.94,1573854573,83.57,26,100,4.88
25,Puerto Ayora,-0.74,-90.35,1573854573,75.13,61,75,13.87
26,Kaitangata,-46.28,169.85,1573854573,59.0,77,100,5.01
27,Hudson,42.39,-71.57,1573854293,45.21,36,1,8.05
28,Navolato,24.76,-107.7,1573854574,93.83,19,5,3.09
29,Codrington,-28.95,153.24,1573854574,75.09,77,0,3.83
30,Erzin,36.95,36.2,1573854574,65.95,82,75,2.04
31,Castro,-42.48,-73.76,1573854574,59.0,62,40,10.29
32,Mehamn,71.03,27.85,1573854574,34.92,84,75,1.12
33,Port Alfred,-33.59,26.89,1573854574,64.0,94,85,9.53
34,Cherskiy,68.75,161.3,1573854574,7.88,85,99,0.07
35,Kununurra,-15.77,128.74,1573854575,75.2,88,17,2.53
36,Halifax,44.65,-63.58,1573854399,46.62,87,75,19.46
37,Boa Vista,2.82,-60.67,1573854331,93.2,41,20,9.17
38,Hobart,-42.88,147.33,1573854488,51.44,61,40,13.87
39,Tiksi,71.64,128.87,1573854524,-10.62,99,25,1.86
40,Ushuaia,-54.81,-68.31,1573854441,51.21,81,75,17.22
41,Cape Town,-33.93,18.42,1573854510,66.04,77,20,18.34
42,Bluff,-23.58,149.07,1573854575,73.71,71,0,6.89
43,Scotts Valley,37.05,-122.01,1573854355,64.69,82,90,13.87
44,Cabadiangan,10.45,123.98,1573854576,78.8,88,75,2.24
45,Busselton,-33.64,115.35,1573854576,61.25,41,100,14.43
46,Kaspiysk,42.88,47.64,1573854576,50.0,66,90,20.13
47,Jian,25.65,87.89,1573854576,70.9,69,0,6.29
48,Itamaraju,-17.04,-39.53,1573854534,78.3,72,95,9.48
49,Punta Arenas,-53.16,-70.91,1573854576,55.18,50,20,17.22
50,Mount Pleasant,33.16,-94.97,1573854392,58.57,29,1,4.7
51,Wilmington,39.75,-75.55,1573854540,45.97,42,100,3.36
52,Port Hardy,50.7,-127.42,1573854577,50.0,93,75,6.93
53,Cockburn Town,21.46,-71.14,1573854577,81.3,78,15,12.57
54,Athenry,53.3,-8.75,1573854577,35.6,86,67,6.06
55,Northam,-31.65,116.67,1573854577,66.2,55,0,8.05
56,Kapaa,22.08,-159.32,1573854577,81.73,74,1,8.05
57,Hithadhoo,-0.6,73.08,1573854577,82.04,74,26,6.2
58,Torbay,47.66,-52.73,1573854577,34.41,70,75,10.29
59,Tuktoyaktuk,69.44,-133.03,1573854578,-7.6,76,75,8.05
60,Jamestown,-33.21,138.6,1573854578,50.13,80,35,7.76
61,Hami,42.84,93.51,1573854578,35.78,38,100,15.52
62,Carnarvon,-30.97,22.13,1573854578,68.27,28,0,11.63
63,Avarua,-21.21,-159.78,1573854578,80.6,78,44,13.87
64,Port Lincoln,-34.72,135.86,1573854578,54.55,64,84,6.13
65,Kahului,20.89,-156.47,1573854461,82.13,55,20,9.17
66,Kurtamysh,54.91,64.43,1573854579,18.23,90,100,12.5
67,Biak,-0.91,122.88,1573854579,80.73,58,3,2.75
68,Eyemouth,55.87,-2.09,1573854579,44.1,75,50,24.16
69,Ribeira Grande,38.52,-28.7,1573854579,62.6,63,75,10.29
70,Mareeba,-16.99,145.42,1573854579,72.12,69,20,11.41
71,Tibati,6.47,12.63,1573854579,74.34,55,56,2.15
72,Antofagasta,-23.65,-70.4,1573854286,64.4,68,20,11.41
73,Faanui,-16.48,-151.75,1573854579,79.68,81,55,16.4
74,Grahamstown,-33.31,26.53,1573854580,64.0,94,22,8.12
75,Pacific Grove,36.62,-121.92,1573854580,64.44,63,1,5.82
76,Yellowknife,62.45,-114.38,1573854452,12.07,85,90,8.05
77,Sarkand,45.41,79.91,1573854580,8.2,86,89,5.37
78,Longyearbyen,78.22,15.63,1573854580,32.0,84,75,23.04
79,Ambilobe,-13.19,49.05,1573854580,78.57,81,16,8.97
80,Fortuna,40.6,-124.16,1573854580,62.24,68,40,5.82
81,Husavik,50.56,-96.99,1573854580,24.55,59,58,5.99
82,Lagoa,37.14,-8.45,1573854580,51.19,57,0,12.75
83,Mar del Plata,-46.43,-67.52,1573854581,69.46,15,0,41.65
84,Pangnirtung,66.15,-65.72,1573854581,21.2,73,90,8.05
85,Arraial do Cabo,-22.97,-42.02,1573854581,69.85,88,90,20.8
86,Rikitea,-23.12,-134.97,1573854581,73.11,78,100,19.71
87,Muros,42.77,-9.06,1573854581,44.11,100,75,2.24
88,Morant Bay,17.88,-76.41,1573854581,83.3,66,20,6.93
89,Cabo San Lucas,22.89,-109.91,1573854442,82.2,65,5,10.29
90,Hilo,19.71,-155.08,1573854582,79.68,52,1,8.05
91,Tabas,33.6,56.92,1573854582,50.0,39,33,2.24
92,New Norfolk,-42.78,147.06,1573854582,51.44,66,75,11.41
93,Butaritari,3.07,172.79,1573854582,80.82,80,100,9.04
94,Seydi,13.34,7.75,1573854582,83.62,20,2,7.36
95,Severo-Kurilsk,50.68,156.12,1573854582,21.52,80,80,5.01
96,Mahebourg,-20.41,57.7,1573854583,74.53,69,75,13.87
97,Bredasdorp,-34.53,20.04,1573854583,63.84,82,100,2.24
98,Santa Catalina,-33.79,-57.49,1573854583,79.0,41,0,4.18
99,Itoman,26.12,127.67,1573854583,65.44,82,20,3.36
100,Vao,59.1,26.19,1573854583,35.82,91,100,7.49
101,Mataura,-46.19,168.86,1573854583,51.01,93,98,10.0
102,Zeya,53.74,127.27,1573854583,-5.01,87,100,9.26
103,Kajiado,-1.85,36.79,1573854584,66.2,82,75,9.17
104,Nyurba,63.29,118.35,1573854584,-13.32,93,68,6.93
105,Saint-Philippe,45.36,-73.48,1573854584,31.21,80,90,10.29
106,Poum,41.28,20.71,1573854584,45.21,89,0,5.3
107,Mercedes,-33.25,-58.03,1573854584,82.99,44,0,1.01
108,Mount Gambier,-37.83,140.78,1573854578,48.2,87,75,5.82
109,Mogadouro,41.34,-6.71,1573854585,38.12,87,97,8.75
110,Guilin,25.28,110.29,1573854585,64.4,93,75,1.23
111,Karpathos,35.51,27.21,1573854585,67.93,74,0,16.08
112,Mennecy,48.57,2.43,1573854585,36.41,93,75,6.93
113,Bambous Virieux,-20.34,57.76,1573854585,74.55,69,75,13.87
114,Conceicao da Barra,-18.59,-39.73,1573854585,78.91,82,56,20.54
115,Shenjiamen,29.96,122.3,1573854585,65.95,72,0,17.34
116,Planos,37.82,20.85,1573854586,58.69,93,75,8.84
117,Arboletes,8.85,-76.43,1573854586,86.0,74,75,11.41
118,Filingue,14.35,3.32,1573854586,85.57,12,56,6.26
119,Hinundayan,10.35,125.25,1573854586,82.94,76,100,12.17
120,Lebu,8.96,38.73,1573854586,59.0,62,75,6.93
121,Prince Rupert,54.32,-130.32,1573854586,48.2,93,90,10.29
122,Qaanaaq,77.48,-69.36,1573854586,20.68,96,100,4.29
123,Aksu,52.04,76.93,1573854587,-7.6,83,0,4.47
124,Nouadhibou,20.93,-17.03,1573854587,69.8,64,28,17.22
125,Narsaq,60.91,-46.05,1573854587,26.6,58,20,5.82
126,Tasiilaq,65.61,-37.64,1573854587,33.8,64,70,6.93
127,Beyneu,45.32,55.19,1573854587,31.12,78,0,7.4
128,Kodiak,39.95,-94.76,1573854587,55.71,37,1,6.93
129,Kilindoni,-7.91,39.67,1573854587,82.26,79,75,14.99
130,Honningsvag,70.98,25.97,1573854587,33.8,70,75,1.12
131,Constitucion,23.99,-104.67,1573854588,65.17,37,5,5.82
132,Haizhou,34.58,119.13,1573854588,50.83,34,0,3.49
133,Saskylakh,71.97,114.09,1573854588,-13.76,96,79,7.11
134,Patos,-7.03,-37.28,1573854588,92.26,21,45,6.31
135,Beroroha,-21.68,45.17,1573854588,71.06,86,100,3.24
136,Quimper,48.0,-4.1,1573854588,44.94,87,100,10.29
137,Nuuk,64.17,-51.74,1573854588,28.4,86,40,13.87
138,Ozinki,51.2,49.73,1573854589,31.23,69,0,6.26
139,Umm Lajj,25.02,37.27,1573854589,77.11,65,100,5.19
140,Cayenne,4.94,-52.33,1573854589,78.8,78,2,3.36
141,Dikson,73.51,80.55,1573854589,-1.71,93,0,7.87
142,Boende,-0.28,20.88,1573854589,73.58,94,100,2.48
143,Sabang,13.8,121.11,1573854589,75.99,95,100,1.59
144,Pingliang,35.54,106.68,1573854589,34.77,67,100,2.33
145,Roald,62.58,6.12,1573854589,27.28,80,0,4.7
146,Padang,-0.92,100.36,1573854590,68.2,94,98,1.99
147,Petropavlovsk-Kamchatskiy,53.05,158.65,1573854590,15.8,92,6,4.47
148,Byron Bay,-28.65,153.62,1573854590,77.05,69,0,11.41
149,Khorixas,-20.37,14.96,1573854590,67.6,36,38,2.3
150,Ossora,59.24,163.07,1573854590,33.58,82,100,28.52
151,Bethel,60.79,-161.76,1573854591,14.88,72,40,20.8
152,Amga,60.89,131.98,1573854591,-17.88,96,98,4.43
153,Ust-Nera,64.57,143.24,1573854591,-8.36,96,0,4.07
154,Kavieng,-2.57,150.8,1573854591,83.32,73,4,8.01
155,Sao Filipe,14.9,-24.5,1573854591,72.57,76,71,11.61
156,San Patricio,-26.98,-56.83,1573854591,77.59,48,0,8.3
157,Grindavik,63.84,-22.43,1573854592,35.29,69,40,17.22
158,Arlit,18.74,7.39,1573854592,78.12,11,0,2.44
159,Taoudenni,22.68,-3.98,1573854592,73.63,19,54,5.95
160,Natal,-5.81,-35.21,1573854592,79.68,74,40,13.87
161,Turek,52.02,18.5,1573854592,49.48,95,100,3.0
162,Teterow,53.77,12.58,1573854592,45.75,87,75,9.17
163,Pankrushikha,53.83,80.35,1573854592,-8.0,92,0,0.92
164,Bone,51.97,12.14,1573854593,39.65,100,34,3.36
165,Nova Olimpia,-14.8,-57.29,1573854593,74.46,97,100,4.0
166,Tamasane,-22.42,27.4,1573854593,75.72,35,31,3.87
167,Cabatuan,16.95,121.67,1573854593,71.62,88,100,6.96
168,Guerrero Negro,27.97,-114.04,1573854593,78.6,47,53,15.17
169,Ayan,38.23,44.7,1573854593,28.15,58,0,0.25
170,Port Blair,11.67,92.75,1573854593,77.0,94,40,1.12
171,Burns Lake,54.23,-125.76,1573854594,39.4,84,98,4.43
172,Noumea,-22.28,166.46,1573854594,79.75,44,10,3.36
173,Maputo,-25.97,32.57,1573854594,72.32,73,20,14.99
174,Bundaberg,-24.87,152.35,1573854594,79.41,69,35,14.99
175,Urmary,55.68,47.94,1573854594,26.6,92,90,4.47
176,Khatanga,71.98,102.47,1573854594,-11.97,97,91,6.73
177,Nampula,-15.12,39.26,1573854594,80.6,69,20,13.87
178,Bayir,37.27,28.22,1573854595,55.4,93,0,3.36
179,Pevek,69.7,170.27,1573854595,8.38,55,0,3.71
180,Ornes,49.25,5.47,1573854595,33.62,88,20,4.7
181,Lengshuitan,26.41,111.6,1573854595,61.93,72,1,0.92
182,Roros,62.57,11.38,1573854595,14.0,92,100,1.12
183,Mount Isa,-20.73,139.49,1573854408,77.0,14,14,11.41
184,Palauig,15.44,119.9,1573854595,73.89,79,21,3.31
185,Chuy,-33.69,-53.46,1573854595,66.38,73,10,9.06
186,San Miguel de Cauri,-10.1,-76.58,1573854596,80.6,44,20,24.16
187,Qinhuangdao,39.94,119.59,1573854596,37.09,56,57,8.39
188,Kadungora,-7.09,107.89,1573854596,63.18,89,49,4.16
189,Cabedelo,-6.97,-34.84,1573854596,78.8,78,1,12.75
190,Solhan,38.97,41.05,1573854596,38.14,35,0,4.47
191,Aklavik,68.22,-135.01,1573854596,-6.86,76,40,2.24
192,Huangmei,30.1,115.95,1573854597,59.58,51,0,4.32
193,Semirom,31.41,51.57,1573854597,28.45,23,0,3.44
194,Moerai,-22.43,-151.33,1573854597,74.68,73,27,17.38
195,Sistranda,63.73,8.83,1573854597,36.25,65,0,16.11
196,Okhtyrka,50.31,34.89,1573854597,40.84,70,23,12.12
197,Tete,-16.16,33.59,1573854598,83.44,55,100,12.06
198,Kumluca,36.37,30.29,1573854598,59.27,61,33,4.5
199,Jabinyanah,35.03,10.91,1573854598,68.0,64,20,6.93
200,Zyryanka,65.73,150.89,1573854598,-3.69,97,100,9.82
201,Sioux Lookout,50.1,-91.92,1573854599,13.26,51,40,3.36
202,Nabire,-3.36,135.5,1573854599,69.96,97,70,2.24
203,Leningradskiy,69.38,178.42,1573854599,18.68,85,0,12.97
204,Collie,-33.36,116.15,1573854599,60.28,41,100,11.32
205,Hov,59.09,11.4,1573854599,36.73,93,100,9.17
206,Souillac,45.6,-0.6,1573854599,42.13,87,90,4.7
207,Kungurtug,50.6,97.53,1573854599,-1.7,92,100,7.07
208,Soe,57.91,26.05,1573854599,39.58,93,90,8.05
209,Clyde River,70.47,-68.59,1573854599,19.4,73,20,6.93
210,Bereda,43.27,-7.54,1573854600,43.29,81,40,14.99
211,Makakilo City,21.35,-158.09,1573854600,83.48,70,1,5.82
212,Huarmey,-10.07,-78.15,1573854600,73.2,57,57,8.75
213,Villa Maria,4.5,-74.09,1573854600,68.9,77,75,13.87
214,Esperance,-33.86,121.89,1573854600,51.8,87,83,6.93
215,Manzanillo,19.05,-104.32,1573854600,86.0,66,75,11.41
216,Saint George,39.45,22.34,1573854314,53.6,87,0,5.82
217,Sitka,37.17,-99.65,1573854601,66.99,26,0,14.0
218,Moen,50.77,3.4,1573854601,39.7,80,75,6.93
219,Nanortalik,60.14,-45.24,1573854601,32.13,71,83,16.64
220,Kargopol,61.51,38.95,1573854601,30.54,94,100,1.52
221,Naze,5.43,7.07,1573854601,78.8,88,75,3.15
222,Bahia Blanca,-38.72,-62.27,1573854578,90.3,17,9,19.1
223,Sao Miguel do Araguaia,-13.28,-50.16,1573854602,81.28,63,100,9.91
224,Maningrida,-12.05,134.23,1573854602,74.89,91,74,4.34
225,Marsh Harbour,26.54,-77.06,1573854602,79.34,75,100,11.48
226,Verkhnevilyuysk,63.45,120.31,1573854602,-13.4,94,87,8.05
227,Zhuzhou,27.84,113.15,1573854602,59.0,77,0,3.87
228,Hasaki,35.73,140.83,1573854603,40.55,86,20,2.24
229,Vung Tau,10.35,107.08,1573854603,75.38,81,87,4.34
230,San Quintin,17.54,120.52,1573854603,70.9,86,100,4.54
231,Nizwa,22.93,57.53,1573854603,61.47,42,0,4.68
232,Qaqortoq,60.72,-46.03,1573854603,26.6,58,20,5.82
233,Saint-Georges,46.12,-70.67,1573854603,27.7,94,100,5.01
234,Shahr-e Babak,30.12,55.12,1573854603,42.12,23,42,4.92
235,Denton,33.22,-97.13,1573854604,59.67,30,1,2.26
236,Chokurdakh,70.62,147.9,1573854604,-2.52,97,91,4.85
237,Mangalore,12.87,74.84,1573854553,78.8,83,75,3.36
238,Westport,41.14,-73.36,1573854604,46.63,46,1,11.41
239,Tomatlan,19.93,-105.25,1573854604,82.98,59,100,7.7
240,Meulaboh,4.14,96.13,1573854604,79.11,83,90,8.86
241,Santa Rosa,-36.62,-64.29,1573854604,96.57,11,4,13.58
242,Ugoofaaru,5.67,73.0,1573854604,83.1,74,65,8.84
243,Salalah,17.01,54.1,1573854605,78.8,65,20,3.36
244,Lorengau,-2.02,147.27,1573854605,82.58,74,16,6.76
245,Iqaluit,63.75,-68.52,1573854605,19.4,57,90,3.36
246,Kieta,-6.22,155.63,1573854605,80.96,74,9,2.8
247,Kachug,53.96,105.89,1573854605,-3.17,88,82,3.65
248,Anadyr,64.73,177.51,1573854605,17.6,85,20,8.95
249,Ocara,-4.49,-38.6,1573854606,77.54,73,0,9.22
250,Lompoc,34.64,-120.46,1573854606,66.85,72,1,10.29
251,Izyum,49.21,37.25,1573854606,40.59,73,0,11.01
252,Pangody,65.85,74.49,1573854370,-3.46,88,100,19.22
253,College,64.86,-147.8,1573854606,4.75,54,75,9.17
254,Port-Gentil,-0.72,8.78,1573854606,77.0,94,20,2.24
255,Olinda,-37.84,145.39,1573854606,52.57,62,20,12.75
256,Avera,33.19,-82.53,1573854607,48.16,100,90,12.75
257,Montalban,12.17,124.88,1573854607,72.59,98,100,1.66
258,Kologriv,58.83,44.31,1573854607,29.97,91,89,3.91
259,Bubaque,11.28,-15.83,1573854607,82.92,73,100,12.59
260,Takoradi,4.89,-1.75,1573854607,81.75,80,0,7.54
261,Soyo,-6.13,12.37,1573854607,79.2,87,100,6.69
262,Sorland,67.67,12.69,1573854607,39.2,86,75,11.41
263,Punakha,27.58,89.86,1573854608,43.63,65,0,3.78
264,Itarema,-2.92,-39.92,1573854608,78.55,75,26,10.58
265,Nanfeng,27.22,116.52,1573854608,54.72,68,0,1.34
266,Palu,-0.9,119.87,1573854608,65.28,96,81,2.37
267,Bo Phloi,14.32,99.52,1573854608,70.2,86,60,3.04
268,Tabuk,17.41,121.44,1573854608,71.83,92,100,10.38
269,Vinukonda,16.05,79.74,1573854609,71.51,94,85,0.6
270,Dasoguz,41.84,59.97,1573854609,31.1,62,0,9.17
271,Kutum,14.2,24.66,1573854609,72.99,32,1,9.26
272,Shimoda,34.7,138.93,1573854609,44.49,88,0,12.33
273,Uvinza,-5.1,30.39,1573854609,68.54,85,34,0.38
274,Mildura,-34.18,142.16,1573854609,54.32,58,33,8.05
275,Atar,20.52,-13.05,1573854609,77.88,14,68,4.99
276,Domodossola,46.12,8.29,1573854610,39.56,100,40,3.36
277,Brae,60.4,-1.35,1573854610,38.88,77,1,2.24
278,Mitsamiouli,-11.38,43.28,1573854610,82.4,69,20,3.36
279,Motygino,58.18,94.69,1573854610,-11.29,97,100,4.81
280,Atherton,-17.27,145.48,1573854610,72.27,69,20,11.41
281,Kambove,-10.88,26.6,1573854610,63.75,89,69,4.07
282,Nome,30.04,-94.42,1573854610,60.53,42,1,12.75
283,Deputatskiy,69.3,139.9,1573854611,-9.26,99,87,0.38
284,Luderitz,-26.65,15.16,1573854611,60.8,87,0,13.87
285,Pavilosta,56.89,21.19,1573854611,44.6,93,100,6.93
286,Ostrovnoy,68.05,39.51,1573854611,25.52,88,72,22.64
287,Marienburg,52.12,9.98,1573854611,39.83,93,100,2.24
288,Novikovo,51.15,37.89,1573854611,36.39,80,5,12.19
289,Strezhevoy,60.73,77.6,1573854611,-11.2,83,89,6.71
290,Paraiso,-0.03,-51.17,1573854611,87.8,58,20,13.87
291,Maxixe,-23.86,35.35,1573854611,71.33,75,1,8.21
292,Dong Hoi,17.48,106.6,1573854323,68.83,93,62,2.39
293,Hofn,64.25,-15.21,1573854612,45.86,80,100,24.02
294,Nhulunbuy,-12.18,136.78,1573854612,77.0,88,40,9.26
295,Chilca,-13.22,-72.34,1573854612,59.0,54,75,8.05
296,San Felipe,-32.75,-70.73,1573854612,89.01,39,0,3.0
297,Turaiyur,11.17,78.62,1573854612,77.0,94,20,4.7
298,Komsomolskiy,67.55,63.78,1573854612,5.45,94,100,20.13
299,Geraldton,49.72,-86.95,1573854613,6.8,46,5,4.7
300,Ringkobing,56.09,8.24,1573854613,45.28,93,100,16.11
301,Upernavik,72.79,-56.15,1573854613,23.95,88,100,11.79
302,Copiapo,-27.37,-70.33,1573854613,66.2,59,75,12.75
303,Burnie,-41.05,145.91,1573854613,51.01,60,0,14.0
304,Sawakin,19.1,37.33,1573854613,84.63,74,17,11.1
305,Berlevag,70.86,29.09,1573854613,33.82,72,75,14.99
306,Xining,36.62,101.77,1573854613,27.19,43,68,0.92
307,Henties Bay,-22.12,14.28,1573854613,61.0,89,34,4.0
308,Upata,8.02,-62.41,1573854614,81.1,75,77,2.35
309,Wum,6.39,10.08,1573854614,68.58,90,100,1.77
310,Kuching,1.56,110.34,1573854614,77.0,94,75,1.12
311,Luganville,-15.51,167.18,1573854614,82.4,69,75,13.87
312,Vila Velha,-3.71,-38.6,1573854614,81.18,69,33,8.05
313,Vestmannaeyjar,63.44,-20.27,1573854614,42.98,63,100,21.25
314,Itaituba,-4.26,-55.99,1573854614,82.22,76,100,2.06
315,Bilibino,68.06,166.44,1573854615,-1.8,59,92,2.13
316,Borova,50.18,30.1,1573854615,42.57,87,90,4.47
317,Tecolutla,17.31,-98.74,1573854615,74.8,50,94,4.27
318,Flinders,-34.58,150.85,1573854615,63.48,82,90,4.7
319,Port-Cartier,50.03,-66.88,1573854615,28.13,92,90,2.24
320,Alice Springs,-23.7,133.88,1573854608,68.0,12,0,6.93
321,Outjo,-20.11,16.16,1573854615,73.4,20,40,6.93
322,Providencia,1.24,-77.6,1573854615,60.75,82,75,3.36
323,Tooele,40.53,-112.3,1573854616,61.93,41,1,8.05
324,Chicama,-7.84,-79.15,1573854616,68.0,77,40,10.29
325,Saint-Joseph,43.56,6.97,1573854616,43.23,87,100,4.7
326,Margate,-43.03,147.26,1573854616,51.64,61,75,11.41
327,Dumfries,55.07,-3.61,1573854616,40.55,93,0,11.41
328,Mazamari,-11.33,-74.53,1573854616,69.44,94,100,2.42
329,Boddam,57.47,-1.78,1573854616,41.2,93,75,5.82
330,Ilulissat,69.22,-51.1,1573854616,28.4,92,75,6.93
331,Parrita,9.52,-84.33,1573854617,72.77,88,75,5.82
332,Shiyan,32.65,110.78,1573854617,52.21,67,26,1.99
333,Mto wa Mbu,-3.38,35.86,1573854617,73.0,66,80,5.66
334,Salamiyah,35.01,37.05,1573854617,65.03,59,100,2.51
335,Yar-Sale,66.83,70.83,1573854617,3.07,95,100,22.62
336,Kondinskoye,59.65,67.41,1573854617,16.25,92,100,14.58
337,Sladkovo,55.53,70.34,1573854617,12.22,71,15,13.42
338,Luzhou,28.89,105.45,1573854618,62.85,71,100,0.83
339,Patabog,13.45,122.46,1573854618,75.38,91,100,5.21
340,Okhotsk,59.36,143.24,1573854618,23.04,77,100,16.15
341,Manado,1.49,124.85,1573854564,73.4,94,20,1.61
342,Mulege,26.88,-111.98,1573854618,79.3,43,76,7.0
343,Pucara,-21.7,-64.2,1573854618,82.56,33,40,11.41
344,Klaksvik,62.23,-6.59,1573854603,35.6,80,100,11.41
345,Aykhal,65.95,111.51,1573854619,-14.8,83,90,4.47
346,Senai,1.59,103.65,1573854619,78.06,88,75,3.36
347,Sangar,63.92,127.47,1573854619,-18.47,99,94,3.8
348,Vestmanna,62.16,-7.17,1573854619,35.6,80,100,11.41
349,Sao Gabriel da Cachoeira,-0.13,-67.09,1573854619,84.79,71,100,2.04
350,Ancud,-41.87,-73.83,1573854619,59.0,62,40,10.29
351,Saint-Augustin,45.63,-73.98,1573854619,31.1,58,75,12.75
352,Udachnyy,66.42,112.4,1573854619,-14.8,83,90,4.47
353,Coos Bay,43.37,-124.22,1573854525,56.73,93,90,5.82
354,Miles City,46.41,-105.84,1573854620,54.23,50,1,6.29
355,Namatanai,-3.66,152.44,1573854620,82.71,74,34,7.7
356,Hanko,59.83,22.95,1573854620,35.98,92,0,5.99
357,Grand Forks,47.91,-97.06,1573854485,32.04,58,75,14.99
358,Tessalit,20.2,1.01,1573854620,68.49,13,26,5.59
359,Verkhoyansk,67.55,133.39,1573854620,-23.78,92,23,1.1
360,Salaga,8.55,-0.52,1573854620,83.41,48,2,4.25
361,Tokur,53.13,132.9,1573854620,-17.12,99,100,1.45
362,Baruun-Urt,46.68,113.28,1573854621,12.45,73,100,6.13
363,Carson City,39.16,-119.77,1573854378,57.47,18,1,4.7
364,San Cristobal,14.68,-86.92,1573854621,78.03,68,50,5.75
365,Balaipungut,1.11,101.31,1573854621,72.18,96,84,1.36
366,Aasiaat,68.71,-52.87,1573854621,28.72,80,100,22.28
367,Opuwo,-18.06,13.84,1573854621,74.71,21,71,12.75
368,Coihaique,-45.58,-72.07,1573854622,55.18,44,40,9.17
369,Ouadda,8.07,22.4,1573854622,74.44,39,100,4.68
370,Tumaco,1.8,-78.82,1573854622,78.37,83,1,13.87
371,West Bay,49.34,-123.21,1573854622,52.63,82,75,4.7
372,Bilma,18.69,12.92,1573854622,71.11,21,0,0.69
373,Magdagachi,53.45,125.8,1573854623,-5.12,84,96,8.46
374,Chiesanuova,43.91,12.42,1573854623,51.17,87,40,3.36
375,Sergeyevka,53.88,67.42,1573854623,15.58,65,85,15.64
376,Wajima,37.4,136.9,1573854623,52.52,83,100,8.79
377,Kavaratti,10.57,72.64,1573854434,81.54,72,25,5.37
378,Port Hedland,-20.31,118.58,1573854623,73.4,49,0,6.93
379,Cedral,23.82,-100.72,1573854623,61.61,49,20,7.0
380,Lanivtsi,49.87,26.08,1573854624,43.25,92,4,8.86
381,Touros,-5.2,-35.46,1573854624,78.8,78,20,9.17
382,Jardim,-21.48,-56.15,1573854624,87.82,34,0,6.55
383,Rabaul,-4.2,152.17,1573854624,82.0,76,0,4.5
384,Sault Sainte Marie,46.49,-84.36,1573854624,19.99,67,75,16.11
385,Tautira,-17.73,-149.15,1573854624,84.07,66,20,12.75
386,Sabzevar,36.21,57.68,1573854624,39.43,57,100,14.12
387,Dombarovskiy,50.76,59.54,1573854624,23.79,69,24,8.34
388,Caconda,-13.73,15.06,1573854625,63.23,88,100,0.25
389,Tuatapere,-46.13,167.69,1573854625,51.01,93,100,11.01
390,Goya,-29.14,-59.27,1573854625,80.46,45,0,7.63
391,Sorong,-0.86,131.25,1573854625,71.22,98,0,1.88
392,Tabou,4.42,-7.36,1573854625,75.11,90,73,1.57
393,Kamenka,48.03,28.7,1573854625,46.0,93,7,6.4
394,Praia,-20.25,-43.81,1573854625,67.03,100,75,4.7
395,Bari,41.13,16.86,1573854626,64.89,72,100,13.87
396,Kindu,-2.95,25.92,1573854626,72.77,84,100,1.19
397,Ducheng,30.54,114.9,1573854626,58.96,42,0,7.78
398,Saint Anthony,43.97,-111.68,1573854603,54.54,37,1,9.17
399,Banyo,6.75,11.81,1573854626,73.15,58,100,1.74
400,Sept-Iles,50.2,-66.38,1573854626,28.13,92,90,2.24
401,Kyren,51.68,102.13,1573854626,-10.7,98,100,5.21
402,Georgetown,6.8,-58.16,1573854626,86.0,74,40,9.17
403,Lighthouse Point,26.28,-80.09,1573854627,73.29,88,75,8.05
404,Bitung,1.44,125.19,1573854627,73.4,94,20,1.61
405,Belyy Yar,53.6,91.39,1573854627,-5.8,70,40,2.24
406,Hibbing,47.43,-92.94,1573854465,27.72,46,1,4.7
407,San Juan,-31.54,-68.53,1573854627,96.67,17,0,7.07
408,Fairbanks,64.84,-147.72,1573854588,4.39,54,75,9.17
409,Heihe,50.24,127.51,1573854628,-0.4,40,20,6.71
410,Beloha,-25.17,45.06,1573854628,73.0,81,100,13.2
411,Mondlo,-27.96,30.72,1573854628,56.59,90,17,4.63
412,Flin Flon,54.77,-101.88,1573854628,15.8,72,90,13.87
413,Eslov,55.84,13.3,1573854628,47.08,100,100,12.75
414,Birobidzhan,48.79,132.93,1573854628,1.9,62,100,7.83
415,Jumla,29.28,82.18,1573854628,39.65,42,100,4.12
416,Grand Gaube,-20.01,57.66,1573854629,74.66,69,75,13.87
417,Zhigansk,66.77,123.37,1573854629,-7.65,93,93,20.2
418,Kaura Namoda,12.59,6.58,1573854629,80.89,27,82,5.1
419,Alamogordo,32.9,-105.96,1573854395,60.21,26,1,4.38
420,Hualmay,-11.1,-77.61,1573854629,69.39,66,30,8.99
421,Pouembout,-21.12,164.9,1573854629,73.62,59,7,8.1
422,Bernay,49.09,0.6,1573854629,36.45,100,90,2.24
423,Kalabo,-15.0,22.67,1573854630,73.9,72,100,3.98
424,Carballo,43.21,-8.69,1573854630,44.04,81,40,14.99
425,Norman Wells,65.28,-126.83,1573854630,-4.0,76,90,16.11
426,Acapulco,16.86,-99.88,1573854630,86.0,70,75,5.82
427,Alvand,36.19,50.06,1573854630,38.57,59,0,25.79
428,Helong,25.94,116.13,1573854631,55.18,64,0,1.9
429,Bowen,-20.01,148.25,1573854631,77.05,78,76,3.36
430,Saldanha,41.42,-6.55,1573854631,38.12,87,97,8.75
431,Faya,18.39,42.45,1573854631,59.94,67,40,4.7
432,Chapais,49.78,-74.86,1573854631,3.2,71,90,16.11
433,Sisimiut,66.94,-53.67,1573854631,24.89,85,100,17.2
434,Springville,40.17,-111.61,1573854414,61.81,17,1,14.99
435,Haines Junction,60.75,-137.51,1573854631,31.21,97,100,9.4
436,Trapani,38.02,12.54,1573854632,65.3,56,100,19.46
437,Dunedin,-45.87,170.5,1573854357,55.36,74,100,4.18
438,Provideniya,64.42,-173.23,1573854632,19.4,94,100,14.63
439,Cartagena del Chaira,1.33,-74.84,1573854632,83.66,84,100,2.08
440,Ouidah,6.37,2.09,1573854632,82.4,83,20,4.7
441,San Carlos de Bariloche,-41.13,-71.31,1573854632,57.2,54,40,26.4
442,Batticaloa,7.71,81.69,1573854632,73.96,93,85,2.19
443,Magistralnyy,56.17,107.45,1573854633,-7.01,97,100,1.19
444,Liverpool,53.41,-2.98,1573854473,43.21,87,20,13.87
445,Saint-Pierre,48.95,4.24,1573854605,36.19,93,1,10.29
446,Paramonga,-10.68,-77.82,1573854633,63.59,89,78,8.46
447,Rosarito,4.91,-75.23,1573854633,73.38,88,90,4.7
448,Noyabrsk,63.2,75.45,1573854633,-7.58,95,100,16.17
449,Atambua,-9.11,124.89,1573854633,73.45,77,0,2.48
450,Cap Malheureux,-19.98,57.61,1573854633,74.68,69,75,13.87
451,Adrar,27.87,-0.29,1573854634,73.4,21,0,13.87
452,Banjar,-7.37,108.54,1573854634,70.57,95,76,2.24
453,Alofi,-19.06,-169.92,1573854634,82.4,61,20,6.93
454,Kuzovatovo,53.54,47.69,1573854634,30.16,89,0,6.98
455,Sao Joao da Barra,-21.64,-41.05,1573854634,71.6,94,90,13.87
456,Khurda,20.18,85.62,1573854634,69.8,94,0,3.53
457,Yeppoon,-23.13,150.74,1573854634,77.0,69,1,4.7
458,Buin,-33.73,-70.74,1573854634,88.95,19,0,8.05
459,Imbituba,-28.24,-48.67,1573854440,73.4,64,0,11.41
460,Jamame,0.07,42.75,1573854635,81.73,81,99,13.85
461,Weligama,5.97,80.42,1573854635,75.04,90,62,4.0
462,Santa Rosa del Sur,7.96,-74.05,1573854635,80.13,84,60,1.97
463,Riberalta,-11.0,-66.08,1573854635,80.6,78,75,4.54
464,Ballina,54.11,-9.15,1573854635,37.89,93,40,5.82
465,Bandarbeyla,9.49,50.81,1573854635,79.56,79,0,18.92
466,Axim,4.87,-2.24,1573854636,76.78,88,1,3.11
467,Talnakh,69.49,88.39,1573854636,-11.2,76,45,4.47
468,Plouzane,48.38,-4.62,1573854636,46.4,81,75,12.75
469,Bangkalan,-7.05,112.74,1573854636,76.71,77,61,4.56
470,Yangliuqing,39.14,117.0,1573854636,41.67,74,75,6.71
471,Koumac,-20.56,164.28,1573854636,73.98,59,0,6.69
472,Olmos,-5.99,-79.75,1573854637,63.5,74,91,6.82
473,Kulhudhuffushi,6.62,73.07,1573854637,82.85,74,100,8.05
474,Laguna,16.17,-88.94,1573854637,86.0,70,40,5.41
475,Annau,37.89,58.52,1573854637,42.8,93,90,4.7
476,Wanning,48.64,13.53,1573854637,44.78,71,75,16.11
477,Walvis Bay,-22.95,14.51,1573854610,60.93,87,68,6.93
478,Pathein,16.78,94.73,1573854637,78.22,85,67,6.4
479,Sira,13.74,76.91,1573854637,67.86,96,79,3.15
480,Shingu,33.72,135.99,1573854637,54.14,60,0,9.78
481,Glace Bay,46.2,-59.96,1573854638,46.54,93,90,23.04
482,Katsuura,33.93,134.5,1573854638,44.58,61,20,9.17
483,Mackay,53.65,-115.58,1573854638,34.88,83,90,11.41
484,Khorramabad,33.48,48.35,1573854638,51.8,32,0,6.93
485,Manadhoo,5.77,73.38,1573854638,82.18,75,100,5.79
486,Ocos,14.51,-92.19,1573854638,87.8,66,75,9.17
487,Matagami,9.67,8.4,1573854638,73.15,45,35,3.36
488,Kamakwie,9.5,-12.24,1573854639,76.71,86,100,2.3
489,Jhabua,22.77,74.59,1573854639,69.33,52,0,5.14
490,Kalmunai,7.42,81.82,1573854639,82.6,76,77,7.29
491,Nongan,44.43,125.17,1573854639,12.2,61,0,6.71
492,Vostok,46.45,135.83,1573854639,4.32,78,93,20.69
493,Broome,52.47,1.45,1573854639,43.56,81,75,8.05
494,Felanitx,39.47,3.15,1573854639,44.1,87,17,3.36
495,Lavrentiya,65.58,-170.99,1573854608,25.18,77,31,23.71
496,Xuddur,4.12,43.89,1573854640,75.47,61,29,7.74
497,Lensk,60.71,114.91,1573854640,-14.64,96,100,3.71
498,Hambantota,6.12,81.12,1573854640,75.2,100,75,2.24
499,Portland,43.66,-70.25,1573854489,41.85,39,20,5.82
500,Presidente Olegario,-18.42,-46.42,1573854640,70.0,100,100,7.9
501,Alekseyevsk,57.84,108.35,1573854640,-17.81,97,83,1.74
502,Gizo,31.8,34.94,1573854640,66.13,73,20,3.36
503,Semporna,4.48,118.61,1573854640,77.0,94,75,1.77
504,Lasem,-6.99,112.52,1573854641,76.71,77,61,4.56
505,Bathsheba,13.22,-59.52,1573854641,82.4,74,20,10.29
506,Enid,36.4,-97.88,1573854641,59.25,41,1,16.11
507,Abalak,15.46,6.28,1573854641,81.55,15,0,5.59
508,Lagos,6.46,3.39,1573854518,80.6,88,20,8.05
509,Boali,4.81,18.11,1573854641,78.8,100,20,1.99
510,Caruray,10.31,119.01,1573854641,77.0,88,20,4.7
511,Mayo,63.59,-135.9,1573854641,3.2,71,90,11.41
512,Eagle Pass,28.71,-100.5,1573854642,63.18,42,5,2.37
513,Belaya Gora,68.54,146.19,1573854642,-4.16,97,94,4.38
514,Batsfjord,70.63,29.72,1573854642,32.95,97,75,14.99
515,Aguililla,18.74,-102.79,1573854642,68.92,87,85,2.93
516,Dingle,11.0,122.67,1573854642,74.41,90,100,2.19
517,Huilong,31.15,106.5,1573854642,57.54,71,100,1.48
518,Kantunilkin,21.1,-87.49,1573854642,81.5,74,75,10.29
519,Naryan-Mar,67.67,53.09,1573854643,32.67,88,100,28.23
520,Manicore,-5.81,-61.3,1573854643,85.08,67,2,2.89
521,Solnechnyy,50.72,136.64,1573854643,-3.03,88,98,0.49
522,Ayolas,-27.39,-56.84,1573854643,77.58,43,0,8.63
523,Kjollefjord,70.95,27.35,1573854643,34.93,80,75,1.12
524,Yumen,40.29,97.04,1573854643,32.85,35,45,20.87
525,Mhlume,-26.03,31.81,1573854643,63.88,93,11,10.49
526,Talwara,31.94,75.88,1573854643,68.58,54,100,5.99
527,Luan,46.36,6.98,1573854644,34.14,93,100,1.12
528,Broken Hill,-31.97,141.45,1573854644,57.2,62,0,17.22
529,Kibre Mengist,5.87,38.99,1573854644,58.64,95,95,2.04
530,Barabai,-2.59,115.38,1573854644,72.32,81,99,1.5
531,Vangaindrano,-23.35,47.6,1573854644,70.79,98,100,0.63
532,Tiznit,29.7,-9.73,1573854644,48.79,80,0,21.92
533,San Jeronimo,-13.65,-73.37,1573854644,62.8,63,29,9.86
534,Gulabpura,25.91,74.66,1573854644,69.75,49,0,5.08
535,Winchester,51.06,-1.31,1573854644,43.32,87,75,11.41
536,Marawi,8.0,124.29,1573854645,73.99,82,0,5.01
537,Aldan,58.61,125.39,1573854645,-20.43,99,100,2.68
538,Trofors,65.54,13.39,1573854645,38.43,93,75,11.41
539,Acajutla,13.59,-89.83,1573854449,83.43,72,0,9.35
540,Bonavista,48.65,-53.11,1573854645,37.0,74,98,5.99
541,Havelock,34.88,-76.9,1573854548,53.65,87,90,11.41
542,Garowe,8.41,48.48,1573854645,75.04,60,0,13.22
543,Mucurici,-18.09,-40.52,1573854646,81.0,62,100,8.97
544,Mana,13.03,5.27,1573854646,83.68,20,13,6.04
545,Haapiti,-17.57,-149.87,1573854646,84.07,66,20,12.75
546,Les Cayes,18.19,-73.75,1573854646,82.92,70,82,5.23
547,Sur,22.57,59.53,1573854646,70.9,40,0,3.22
548,Montepuez,-13.13,39.0,1573854646,79.03,63,73,9.4
549,Huicheng,23.03,116.29,1573854646,59.0,100,5,12.93
550,Santa Maria,-16.02,-48.01,1573854646,73.51,65,75,9.17
551,Whitehorse,60.72,-135.06,1573854647,35.42,92,75,17.22
552,Tingo Maria,-9.29,-76.01,1573854647,81.36,69,40,3.36
553,Te Anau,-45.41,167.72,1573854647,47.32,94,100,4.16
554,Badou,7.58,0.61,1573854647,74.25,69,12,2.8
555,Isla Vista,34.41,-119.86,1573854647,66.54,52,1,6.93
556,Joensuu,62.6,29.76,1573854648,32.54,92,90,3.36
557,Ixtapa,20.71,-105.21,1573854648,84.2,62,90,9.17
558,Kirakira,-10.46,161.92,1573854648,75.76,95,100,11.43
559,Mpika,-11.84,31.4,1573854648,67.69,72,72,6.71
560,Nelson Bay,-32.72,152.14,1573854648,69.93,64,40,13.87
561,La Ronge,55.1,-105.3,1573854648,23.0,73,90,13.87
562,Hervey Bay,-25.3,152.85,1573854648,79.41,69,33,14.99
563,Muravlenko,63.79,74.5,1573854648,-3.1,87,100,20.87
564,Kloulklubed,7.04,134.26,1573854649,75.2,94,90,7.47
565,Scarborough,54.28,-0.41,1573854490,45.59,93,100,12.75
566,Yurty,56.05,97.64,1573854649,-4.47,84,100,7.87
567,Moussoro,13.64,16.49,1573854649,86.94,17,93,4.5
568,Prince George,53.92,-122.75,1573854649,40.98,93,90,10.29
569,Yazman,36.74,38.46,1573854649,60.3,51,20,3.38
570,La Union,14.97,-89.29,1573854650,82.0,52,64,5.01
571,Airai,-8.93,125.41,1573854636,68.95,27,66,4.83
572,Airdrie,51.29,-114.01,1573854649,45.81,56,75,3.36
573,Beausejour,50.06,-96.51,1573854650,26.11,58,75,13.87
574,Snyder,32.72,-100.92,1573854650,62.62,31,1,9.17
575,Mosquera,4.71,-74.23,1573854650,60.8,77,75,13.87
576,San Ramon,12.92,-85.84,1573854650,77.0,69,40,3.11
577,Le Vauclin,14.55,-60.84,1573854651,82.83,78,3,5.82
578,Aksarka,66.56,67.8,1573854651,5.68,94,100,18.16
579,Aswan,24.09,32.9,1573854651,75.2,23,13,12.75
580,Vila Franca do Campo,37.72,-25.43,1573854654,62.6,63,75,6.93
581,Jatai,28.97,76.18,1573854654,68.94,52,95,5.93
582,Inuvik,68.36,-133.71,1573854654,-6.59,76,75,3.67
583,Dunmore East,52.15,-6.99,1573854654,40.42,86,0,9.17
584,Contai,21.78,87.75,1573854654,70.66,75,0,5.19
585,Ruteng,-8.61,120.46,1573854655,67.71,69,78,3.6
586,Zhoucheng,31.35,119.33,1573854655,44.6,93,4,2.24
587,Muzaffarabad,34.37,73.47,1573854655,43.97,81,100,8.59
588,Manavalakurichi,8.13,77.3,1573854655,80.6,88,40,3.36
589,Tonstad,58.66,6.71,1573854655,38.46,78,100,15.35
590,Talcahuano,-36.72,-73.12,1573854655,64.4,77,90,6.93
591,Leh,34.16,77.58,1573854655,16.99,69,99,4.83
592,Gunupur,19.07,83.81,1573854656,65.26,84,0,2.98
593,Terrasini,38.15,13.08,1573854656,64.27,56,100,19.46
594,Oromocto,45.85,-66.47,1573854656,36.18,74,90,10.29
595,Yulara,-25.24,130.99,1573854656,69.8,14,0,14.99
596,Nizhnyaya Poyma,56.16,97.2,1573854656,-5.06,88,100,7.38
597,North Bend,43.41,-124.22,1573854656,56.12,93,90,5.82
598,Talara,-4.58,-81.27,1573854656,62.6,100,34,12.75
599,Camacupa,-12.02,17.48,1573854657,63.91,97,100,6.69
600,Khanpur,28.65,70.66,1573854657,68.32,74,100,1.12
